,rank,major,degree,early career pay,mid career pay,percent high meaning
0,1,Petroleum Engineering,Bachelors,97500,212500,61
1,2,Operations Research & Industrial Engineering,Bachelors,98300,191800,21
2,3,Interaction Design,Bachelors,74700,173600,54
3,4,Applied Economics and Management,Bachelors,76500,164400,54
4,5,Building Science,Bachelors,69000,163100,47
5,6,Actuarial Mathematics,Bachelors,70700,160000,52
6,6,Operations Research,Bachelors,92200,160000,57
7,8,Systems Engineering,Bachelors,87000,159100,58
8,9,Optical Science & Engineering,Bachelors,79600,158300,73
9,10,Information & Computer Science,Bachelors,76000,157800,63
10,11,Aeronautics & Astronautics,Bachelors,88200,156900,56
11,12,Aerospace Studies,Bachelors,62600,154300,0
12,13,Pharmacy,Bachelors,69400,154000,79
13,14,Cognitive Science,Bachelors,78000,153800,43
14,15,Managerial Economics,Bachelors,74700,153300,38
15,16,Quantitative Economics,Bachelors,74500,152700,43
16,17,Econometrics,Bachelors,72000,152100,35
17,18,Foreign Affairs,Bachelors,62900,152000,32
18,19,Chemical Engineering,Bachelors,85600,151800,55
19,20,Public Accounting,Bachelors,69700,151200,47
20,21,Political Economy,Bachelors,73100,150600,31
21,22,Corporate Accounting & Finance,Bachelors,76800,149600,50
22,23,Actuarial Science,Bachelors,76700,149000,42
23,24,Computer Engineering (CE),Bachelors,89100,148500,46
24,25,Electrical Power Engineering,Bachelors,84700,148300,72
25,26,Computer Science (CS) & Engineering,Bachelors,90500,148200,44
26,27,Marine Transportation Management,Bachelors,78700,148000,0
27,28,Marine Engineering,Bachelors,87900,147500,57
28,28,Operations & Information Systems Management,Bachelors,78800,147500,24
29,30,Electrical & Computer Engineering (ECE),Bachelors,88100,147000,49
30,31,Entrepreneurship & Marketing,Bachelors,63200,145800,45
31,32,Astronomy,Bachelors,75300,145600,52
32,33,Mechatronics,Bachelors,80900,144300,46
33,34,Computational & Applied Mathematics,Bachelors,85700,144100,46
34,35,Aeronautical Engineering,Bachelors,84200,143400,63
35,36,Welding Engineering,Bachelors,86600,143300,0
36,37,Electrical Engineering (EE),Bachelors,84900,143000,54
37,38,Electrical & Electronics Engineering (EEE),Bachelors,83900,142900,57
38,39,Naval Architecture & Marine Engineering,Bachelors,82800,142800,49
39,40,Instrumentation & Control Engineering,Bachelors,82800,141900,44
40,41,Construction Engineering Management,Bachelors,78100,141800,53
41,42,Computer Science (CS) & Mathematics,Bachelors,80300,141000,44
42,43,Engineering Physics,Bachelors,78600,140300,48
43,44,Mechanical & Aeronautical Engineering,Bachelors,80900,139900,62
44,45,Chemical & Biomolecular Engineering,Bachelors,86000,139700,51
45,45,Computer Science (CS),Bachelors,85400,139700,42
46,47,Jazz Studies,Bachelors,60000,139400,51
47,48,Bioscience,Bachelors,59900,139300,0
48,49,Information Management,Bachelors,67000,139000,33
49,50,Aerospace Engineering,Bachelors,83500,138100,53
50,51,Ocean Engineering (OE),Bachelors,78500,137800,49
51,51,Pharmacology,Bachelors,63500,137800,0
52,53,Nuclear Engineering,Bachelors,85200,137600,55
53,54,Bioengineering (BioE),Bachelors,79500,137300,67
54,55,Applied Mathematics,Bachelors,77200,137000,40
55,56,Paper Science,Bachelors,84900,136500,43
56,56,Physician Assistant Studies,Bachelors,109600,136500,83
57,58,Materials Science,Bachelors,76700,136200,0
58,59,Engineering,Bachelors,77800,135800,58
59,60,Industrial & Systems Engineering,Bachelors,82000,135700,48
60,61,Metallurgical Engineering,Bachelors,90800,135500,63
61,62,Materials Science & Engineering,Bachelors,81200,135300,47
62,63,Mining Engineering,Bachelors,87400,135200,59
63,64,Operations Management & Information Systems,Bachelors,75900,134900,43
64,65,Business & Information Technology (IT),Bachelors,71400,134700,50
65,66,Interactive Media Design,Bachelors,59600,134400,33
66,67,Energy Management,Bachelors,70100,134100,66
67,67,Physics,Bachelors,75500,134100,49
68,69,Materials Engineering,Bachelors,81200,133900,58
69,70,Biomedical Engineering (BME),Bachelors,80300,133500,71
70,71,Industrial Engineering (IE),Bachelors,80500,133400,44
71,71,Software Engineering,Bachelors,84200,133400,45
72,73,Global & International Studies,Bachelors,59400,133300,55
73,74,Computer & Information Science,Bachelors,72600,133100,58
74,75,Aeronautical/Aerospace Engineering Technology,Bachelors,82400,132800,51
75,76,Economics and Mathematics,Bachelors,77100,132700,38
76,76,Industrial Hygiene,Bachelors,65100,132700,54
77,78,Engineering Mechanics,Bachelors,82800,131900,0
78,79,Business & Economics,Bachelors,66500,131700,44
79,80,Astrophysics,Bachelors,78600,131200,61
80,81,Electronics Engineering,Bachelors,77700,130900,65
81,81,Telecommunications Engineering,Bachelors,78000,130900,50
82,83,International Business & Finance,Bachelors,69000,130800,30
83,84,International Economics,Bachelors,66200,130600,54
84,85,Business Analysis,Bachelors,71000,130300,47
85,85,Management Science,Bachelors,73000,130300,43
86,85,Mechanical Engineering (ME),Bachelors,79600,130300,49
87,88,Economics,Bachelors,70500,130200,41
88,89,Ceramic Engineering,Bachelors,76400,129900,46
89,90,Management Information Systems (MIS),Bachelors,73900,129500,42
90,91,Industrial Distribution,Bachelors,71400,129200,48
91,92,Structural Engineering (SE),Bachelors,76200,128900,67
92,93,Accounting & Taxation,Bachelors,61900,128600,0
93,94,Integrated Science & Technology,Bachelors,71600,128400,55
94,95,Automotive Engineering,Bachelors,75700,128300,50
95,96,Mathematics & Statistics,Bachelors,71800,128100,43
96,97,Packaging Science,Bachelors,78600,127600,41
97,98,Construction Project Management,Bachelors,69400,127400,64
98,99,Plastics Engineering,Bachelors,79200,127200,58
99,100,Information & Decision Sciences,Bachelors,73200,126800,36
100,101,Applied Physics,Bachelors,75800,126500,53
101,102,Building Construction (BC),Bachelors,73200,125900,51
102,102,Petroleum Land Management,Bachelors,66600,125900,0
103,104,Industrial Engineering & Management,Bachelors,74800,125700,54
104,105,Accounting & Economics,Bachelors,74500,125400,48
105,105,Psychobiology,Bachelors,58600,125400,69
106,107,Finance & Economics,Bachelors,70300,124800,42
107,108,Medicine,Bachelors,88700,124700,94
108,109,Asian Studies,Bachelors,53100,123800,43
109,110,Marketing & International Business,Bachelors,59600,123500,36
110,111,Government,Bachelors,63500,123400,45
111,112,Business Computer Information Systems (BCIS),Bachelors,74200,123300,40
112,112,Finance & Real Estate,Bachelors,73500,123300,42
113,114,Biochemistry & Molecular Biology,Bachelors,61700,123100,70
114,114,Environmental Health & Safety Management,Bachelors,67500,123100,61
115,114,Financial Economics,Bachelors,70500,123100,36
116,117,Business Economics,Bachelors,66500,122800,45
117,117,Nuclear Engineering Technology (NET),Bachelors,92500,122800,54
118,119,Mathematics,Bachelors,72300,122700,44
119,120,Civil Engineering (CE),Bachelors,73400,122600,65
120,121,Business Information Systems,Bachelors,73800,122200,45
121,121,Information Systems Management,Bachelors,69500,122200,48
122,121,Polymer Science & Engineering,Bachelors,82900,122200,0
123,124,Information Security & Assurance,Bachelors,70000,122000,42
124,124,Applied Economics,Bachelors,69200,122000,41
125,126,International Management,Bachelors,63100,121900,42
126,126,Political Communication,Bachelors,56000,121900,51
127,126,Economics & Political Science,Bachelors,64200,121900,46
128,129,Accounting & Computer Systems,Bachelors,75400,121800,0
129,129,Civil & Environmental Engineering,Bachelors,73500,121800,66
130,129,Construction Management,Bachelors,71800,121800,59
131,129,Construction Science,Bachelors,77500,121800,67
132,133,Control Engineering,Bachelors,77700,121700,59
133,134,Russian Studies,Bachelors,56500,121600,41
134,135,Cybersecurity,Bachelors,72600,121500,56
135,136,Robotics & Automation,Bachelors,72700,121200,69
136,137,Computer Management Information Systems (CMIS),Bachelors,63900,121100,50
137,138,Aeronautical Science,Bachelors,64200,121000,62
138,138,Manufacturing Engineering,Bachelors,77500,121000,50
139,140,Information Systems (IS),Bachelors,73000,120600,45
140,141,Engineering Management,Bachelors,77400,120500,53
141,142,Computing & Information Systems (CIS),Bachelors,68900,120000,46
142,143,Mechanical,Bachelors,79800,119900,41
143,144,Business Logistics & Transportation,Bachelors,64700,119800,42
144,145,Biosystems Engineering,Bachelors,72600,119500,69
145,146,Agricultural Economics,Bachelors,61700,119400,57
146,147,Data Processing,Bachelors,73700,119300,42
147,147,Food Marketing,Bachelors,65000,119300,29
148,147,Geophysics,Bachelors,62700,119300,42
149,150,Management & Finance,Bachelors,64100,118800,61
150,151,Business Finance,Bachelors,65200,118600,44
151,151,Construction Engineering,Bachelors,75700,118600,60
152,151,Organic Chemistry,Bachelors,50600,118600,0
153,154,Real Estate,Bachelors,69400,118500,42
154,155,Finance,Bachelors,68500,118400,42
155,155,Plastics Engineering Technology,Bachelors,73600,118400,34
156,157,European Studies,Bachelors,60900,118100,41
157,157,Safety Science,Bachelors,70000,118100,68
158,159,Computer Science & Information Technology,Bachelors,73500,118000,48
159,160,Japanese Language,Bachelors,59900,117900,39
160,161,Information Sciences and Technology,Bachelors,72900,117800,45
161,161,International Business,Bachelors,63100,117800,40
162,163,Architectural Engineering,Bachelors,74600,117700,57
163,164,International Marketing,Bachelors,66700,117600,25
164,164,Molecular Biology,Bachelors,61700,117600,66
165,166,Building Construction Management,Bachelors,70500,117500,67
166,167,Business Operations,Bachelors,71300,117400,0
167,168,Computer Information Systems (CIS),Bachelors,69400,117300,47
168,168,Electrical Engineering Technology (EET),Bachelors,74000,117300,48
169,170,Government & International Politics (GVIP),Bachelors,58100,117200,44
170,171,Information Security,Bachelors,75000,117100,40
171,172,East Asian Studies,Bachelors,57500,116900,49
172,173,Strategic Management,Bachelors,74900,116700,48
173,174,Labor Relations,Bachelors,55700,116600,35
174,175,Entrepreneurship & Leadership,Bachelors,64300,116400,43
175,176,Agricultural Engineering (AE),Bachelors,71500,116300,62
176,177,Information Technology Management,Bachelors,71900,116100,48
177,177,International Relations,Bachelors,60500,116100,49
178,179,Financial Planning,Bachelors,61200,115800,59
179,180,Computer Engineering Technology (CET),Bachelors,71100,115700,45
180,180,Corporate Finance,Bachelors,72400,115700,40
181,182,Engineering Science,Bachelors,77500,115600,47
182,183,European History,Bachelors,59400,115500,41
183,184,Rhetoric,Bachelors,59300,114900,41
184,185,Network Engineering,Bachelors,69400,114600,51
185,186,Mechanical Design,Bachelors,68400,114500,50
186,187,Environmental Engineering,Bachelors,70400,114400,62
187,188,Chinese Language,Bachelors,61000,114000,42
188,188,Robotics,Bachelors,87900,114000,57
189,190,Economics & Management,Bachelors,61500,113800,47
190,191,Computing,Bachelors,71300,113600,55
191,191,Product Design,Bachelors,70000,113600,38
192,193,Mechanical Engineering Technology (MET),Bachelors,72300,113200,48
193,194,Industrial & Labor Relations,Bachelors,77000,113000,44
194,195,Food Science & Technology,Bachelors,59800,112800,49
195,196,Accounting & Auditing,Bachelors,65400,112700,44
196,197,Biochemistry (BCH),Bachelors,57100,112600,64
197,198,Accounting & Finance,Bachelors,66900,112500,46
198,198,Agricultural Economics & Business,Bachelors,62100,112500,56
199,198,Engineering Technology (ET),Bachelors,65800,112500,49
200,198,Biotechnology,Bachelors,61100,112500,62
201,202,Dairy Science,Bachelors,57700,112200,67
202,202,Operations Management (OM),Bachelors,69700,112200,44
203,202,Web Development,Bachelors,61600,112200,43
204,205,Industrial Management,Bachelors,65200,111900,51
205,205,Information Assurance,Bachelors,61600,111900,60
206,205,Telecommunication & Information Management,Bachelors,66800,111900,42
207,208,Environmental Policy Analysis & Planning,Bachelors,58200,111600,67
208,208,Pharmaceutical Sciences (PS),Bachelors,60900,111600,69
209,210,Aviation,Bachelors,65000,111400,52
210,210,Business & Marketing,Bachelors,59000,111400,46
211,210,Computer Networking Systems,Bachelors,64000,111400,48
212,210,Organizational Behavior,Bachelors,63500,111400,56
213,214,Consumer Economics,Bachelors,60600,111300,46
214,214,Information Technology (IT),Bachelors,67800,111300,46
215,214,Sales & Business Marketing,Bachelors,63900,111300,55
216,217,Aviation Management,Bachelors,58000,111200,56
217,217,Informatics,Bachelors,78700,111200,46
218,219,Industrial Safety,Bachelors,59400,111100,82
219,219,Structural Design & Construction Engineering Technology,Bachelors,77000,111100,48
220,221,Computer Security,Bachelors,76500,110800,43
221,221,Hotel Administration,Bachelors,76800,110800,37
222,221,Software Applications & Programming,Bachelors,71400,110800,33
223,224,Occupational Health and Safety,Bachelors,66800,110700,69
224,225,Database Management,Bachelors,74500,110600,0
225,226,Business Technology Management,Bachelors,69600,110400,41
226,226,Production Management,Bachelors,55800,110400,27
227,228,Business & Finance,Bachelors,63600,109800,54
228,229,Environmental Health & Safety,Bachelors,64800,109600,66
229,229,Information Technology (IT) & Systems,Bachelors,70400,109600,47
230,229,Telecommunications Management,Bachelors,60600,109600,46
231,232,Electronics Engineering Technology (EET),Bachelors,72600,109300,51
232,232,Marketing & Management,Bachelors,57700,109300,47
233,232,Operations & Supply Chain Management,Bachelors,69300,109300,45
234,232,Physical Therapy,Bachelors,54900,109300,88
235,232,Politics,Bachelors,59500,109300,51
236,237,Physics & Astronomy,Bachelors,63700,109200,33
237,238,Agribusiness,Bachelors,57600,109000,53
238,238,Chemistry,Bachelors,58500,109000,56
239,238,Finance & Banking,Bachelors,62600,109000,47
240,241,Aviation Flight Science (AFL),Bachelors,61500,108800,49
241,242,Construction Science & Management,Bachelors,73800,108600,75
242,243,Marketing,Bachelors,58200,108400,41
243,244,Cell Biology,Bachelors,56800,108100,55
244,244,Civil Engineering Technology (CET),Bachelors,66000,108100,61
245,244,Genetics,Bachelors,61200,108100,72
246,247,Government & Politics,Bachelors,59500,107800,51
247,248,Biopsychology,Bachelors,60300,107500,74
248,248,Applied Networking & Systems Administration,Bachelors,67200,107500,44
249,250,Industrial Technology (IT),Bachelors,71700,107400,50
250,251,Geological Engineering,Bachelors,68400,107200,51
251,251,Real Estate Development,Bachelors,66600,107200,0
252,253,Accounts,Bachelors,67100,107100,44
253,253,Electromechanical Engineering,Bachelors,79100,107100,56
254,255,Risk Management,Bachelors,68500,107000,37
255,255,Social Ecology,Bachelors,55400,107000,0
256,257,Microbiology & Immunology,Bachelors,63500,106800,74
257,258,French Literature,Bachelors,53900,106600,50
258,259,City & Regional Planning,Bachelors,58600,106500,70
259,259,Construction Technology,Bachelors,71500,106500,0
260,259,Italian Language,Bachelors,56600,106500,40
261,259,Marketing Communication,Bachelors,52200,106500,42
262,263,Business Management & Marketing,Bachelors,56900,106400,45
263,263,Industrial Design (ID),Bachelors,62900,106400,40
264,265,Marketing & Communications,Bachelors,56400,106300,46
265,266,Political Science,Bachelors,57700,106200,47
266,267,Advertising Design,Bachelors,58000,106100,32
267,267,Manufacturing Management,Bachelors,72300,106100,48
268,269,Computer Information Systems,Bachelors,65100,106000,45
269,269,Network Security,Bachelors,68000,106000,52
270,269,Risk Management & Insurance,Bachelors,67400,106000,46
271,272,Comparative Literature,Bachelors,53600,105800,49
272,272,Sales & Marketing,Bachelors,61100,105800,49
273,274,Welding Engineering Technology,Bachelors,82700,105600,42
274,275,Philosophy,Bachelors,60500,105500,42
275,275,Networks & Telecommunications,Bachelors,61600,105500,49
276,275,Business Data Analysis,Bachelors,72600,105500,39
277,278,Environmental Science & Policy,Bachelors,56600,105400,58
278,278,German Language,Bachelors,59000,105400,43
279,278,Japanese Studies,Bachelors,58000,105400,21
280,281,Atmospheric Science,Bachelors,55700,105200,55
281,281,Business Psychology,Bachelors,58000,105200,0
282,281,Digital Design,Bachelors,56400,105200,39
283,281,International Development Studies,Bachelors,53700,105200,62
284,285,Accounting,Bachelors,62100,105100,41
285,286,Spanish Literature,Bachelors,57900,105000,49
286,286,Technical Communication,Bachelors,55600,105000,42
287,288,Computer Programming,Bachelors,67000,104800,47
288,289,Architecture,Bachelors,58000,104500,52
289,289,Project Management,Bachelors,64400,104500,56
290,291,Hotel Management,Bachelors,55900,104200,46
291,291,Music Production & Engineering,Bachelors,53400,104200,50
292,291,Urban Planning,Bachelors,56100,104200,53
293,294,Cell & Molecular Biology,Bachelors,58100,104000,67
294,294,Safety Management,Bachelors,67500,104000,67
295,296,Manufacturing Engineering Technology,Bachelors,74900,103500,50
296,297,Advertising,Bachelors,53500,103400,33
297,298,Marketing Management,Bachelors,58700,103300,40
298,298,Insurance,Bachelors,63400,103300,51
299,300,Occupational Therapy (OT),Bachelors,60700,103200,87
300,301,Applied Computer Science,Bachelors,74000,103000,42
301,302,Geology,Bachelors,56000,102800,55
302,302,Meteorology,Bachelors,53100,102800,55
303,304,Electronic Systems Technology (EST),Bachelors,86900,102600,44
304,304,Environmental Design,Bachelors,54000,102600,53
305,304,Radiation Therapy,Bachelors,76100,102600,91
306,307,Latin American Studies,Bachelors,53200,102500,61
307,307,Logistics,Bachelors,66400,102500,40
308,307,Transportation & Logistics Management,Bachelors,65800,102500,49
309,310,Applied Technology,Bachelors,65500,102300,49
310,311,Environmental Health,Bachelors,56900,102200,69
311,312,Design,Bachelors,60500,102000,39
312,313,Computer Graphics Technology (CGT),Bachelors,55100,101800,44
313,313,Crop Science,Bachelors,54700,101800,56
314,315,Industrial Psychology,Bachelors,56400,101500,50
315,316,Entrepreneurship,Bachelors,61500,101300,47
316,316,German Studies,Bachelors,57500,101300,46
317,316,Neuroscience,Bachelors,58900,101300,60
318,319,Computer & Network Administration,Bachelors,64500,101200,46
319,319,Financial Accounting,Bachelors,63500,101200,49
320,319,Food Science,Bachelors,60400,101200,48
321,319,Microbiology,Bachelors,54800,101200,69
322,323,Digital Media Design,Bachelors,52200,101000,28
323,323,Agronomy,Bachelors,55200,101000,65
324,325,Accounting & Management,Bachelors,62600,100600,50
325,325,Aeronautics,Bachelors,69600,100600,62
326,325,Business Communication,Bachelors,57900,100600,47
327,328,Urban & Regional Planning,Bachelors,59600,100500,60
328,329,Global Business Management,Bachelors,63800,100100,53
329,329,Police Science,Bachelors,61500,100100,0
330,331,Math & Science,Bachelors,63900,100000,64
331,332,Corporate Communications,Bachelors,54700,99900,45
332,333,Political Science/Public Law,Bachelors,59200,99800,69
333,334,Accounting Information Systems,Bachelors,70900,99700,56
334,334,Anthropology & English,Bachelors,53800,99700,0
335,334,Organizational Psychology,Bachelors,56400,99700,51
336,337,Advertising & Marketing Communications,Bachelors,54900,99200,38
337,337,Entomology,Bachelors,49900,99200,0
338,339,Product Design Engineering,Bachelors,73500,99100,41
339,340,Personal Financial Planning,Bachelors,60400,99000,60
340,341,Biological Sciences,Bachelors,56400,98900,68
341,341,Pre-law,Bachelors,52900,98900,50
342,343,Textile Technology,Bachelors,60400,98800,37
343,344,Strategic Communication,Bachelors,52900,98700,42
344,344,Technology,Bachelors,63200,98700,0
345,346,Environmental Science,Bachelors,55800,98600,61
346,347,International Studies,Bachelors,56200,98500,50
347,348,Cinema Studies,Bachelors,53200,98300,37
348,349,Professional & Technical Writing,Bachelors,54800,98200,47
349,350,Automotive Technology,Bachelors,55400,97800,52
350,351,New Media Design,Bachelors,63100,97700,28
351,351,Theatre & Drama Studies,Bachelors,53100,97700,50
352,351,Information Systems Security,Bachelors,64800,97700,47
353,354,Aviation Maintenance Technology,Bachelors,57300,97500,60
354,354,Organizational Development,Bachelors,60800,97500,55
355,356,Financial Management,Bachelors,62700,97400,53
356,356,International Trade & Business,Bachelors,61500,97400,29
357,356,Textile & Apparel Studies,Bachelors,53300,97400,25
358,356,Toxicology,Bachelors,53900,97400,0
359,360,Construction Engineering Technology,Bachelors,63800,97200,60
360,361,Advertising & Marketing,Bachelors,55200,97100,38
361,361,English Literature,Bachelors,53800,97100,46
362,363,Advertising & Promotion,Bachelors,53400,97000,46
363,364,Agricultural Science,Bachelors,53800,96900,55
364,364,Fashion Design,Bachelors,53900,96900,27
365,364,Hydrology,Bachelors,53400,96900,0
366,367,Technical Management,Bachelors,72300,96800,66
367,368,Electronics & Computer Technology,Bachelors,60500,96600,0
368,369,French Studies,Bachelors,59000,96500,58
369,369,Magazine Journalism,Bachelors,54300,96500,37
370,369,Management,Bachelors,58100,96500,49
371,369,Sociology & Organizational Studies,Bachelors,61400,96500,55
372,373,International Affairs,Bachelors,58300,96300,51
373,373,Business Administration,Bachelors,60200,96300,51
374,375,Finance & Marketing,Bachelors,67800,96200,41
375,375,Land Surveying,Bachelors,58200,96200,56
376,377,Journalism & Mass Communication,Bachelors,52800,96100,44
377,378,Business Management,Bachelors,58700,95900,52
378,378,Speech & Drama,Bachelors,45100,95900,0
379,380,Agribusiness Management,Bachelors,58700,95600,43
380,380,Digital Media,Bachelors,52000,95600,38
381,382,Drama,Bachelors,55600,95500,43
382,382,Linguistics,Bachelors,58600,95500,42
383,384,Architectural Engineering Technology,Bachelors,56800,95400,49
384,384,General Science,Bachelors,56300,95400,58
385,386,Pre-Medicine,Bachelors,57200,95300,69
386,387,Business Administration & Accounting,Bachelors,59500,95200,54
387,387,History & Politics,Bachelors,55300,95200,58
388,387,Nursing Science,Bachelors,75600,95200,84
389,390,Global Business,Bachelors,62000,95100,31
390,390,Integrated Marketing Communications,Bachelors,53500,95100,38
391,392,American History (United States),Bachelors,58900,94900,49
392,393,Architectural Studies,Bachelors,50900,94800,38
393,393,Communication,Bachelors,54800,94800,46
394,393,Personnel Management,Bachelors,57900,94800,68
395,396,General Business,Bachelors,56300,94700,51
396,396,Interior Architecture,Bachelors,53500,94700,48
397,396,Public Affairs,Bachelors,59400,94700,52
398,396,Natural Sciences,Bachelors,49500,94700,54
399,400,Writing,Bachelors,49900,94600,44
400,401,Human Biology,Bachelors,57400,94500,72
401,401,Marketing & Mass Communications,Bachelors,53700,94500,40
402,401,Computer Art,Bachelors,44600,94500,33
403,404,French Language,Bachelors,56100,94100,48
404,404,Journalism,Bachelors,52300,94100,44
405,406,Interpersonal & Organizational Communication,Bachelors,47500,94000,72
406,406,Organizational Communication,Bachelors,52400,94000,48
407,406,Textile Design,Bachelors,56200,94000,36
408,409,Biology & Chemistry,Bachelors,55700,93900,66
409,409,Nursing,Bachelors,73100,93900,82
410,409,Public Relations & Communication,Bachelors,51700,93900,48
411,412,Environmental & Natural Resource Economics,Bachelors,58600,93700,66
412,413,Biology,Bachelors,53500,93600,65
413,413,Environmental Management,Bachelors,57500,93600,63
414,413,General & Strategic Management,Bachelors,56800,93600,52
415,416,Bachelor in Science Nursing,Bachelors,73700,93400,80
416,416,History,Bachelors,54300,93400,47
417,418,Literature,Bachelors,53200,93300,45
418,419,Law,Bachelors,59900,93200,51
419,420,Physiology,Bachelors,55500,93100,66
420,421,Entrepreneurial Studies,Bachelors,54800,93000,32
421,421,Public Relations (PR),Bachelors,51800,93000,43
422,421,Retail Management,Bachelors,60400,93000,39
423,424,Computer Aided Drafting & Design (CADD),Bachelors,56300,92900,49
424,424,Management & Organization,Bachelors,78600,92900,55
425,424,Agriculture,Bachelors,53600,92900,62
426,424,Music Technology,Bachelors,50900,92900,38
427,428,Administration of Justice,Bachelors,51300,92800,53
428,428,Publishing,Bachelors,52000,92800,40
429,428,Urban Studies,Bachelors,57700,92800,60
430,431,Media Studies,Bachelors,57000,92700,38
431,432,Apparel & Textile Manufacture,Bachelors,54200,92600,31
432,432,Philosophy & Religion,Bachelors,51300,92600,54
433,434,Environmental Geography,Bachelors,55900,92500,54
434,435,Communication Studies & Journalism,Bachelors,51200,92300,46
435,435,Interpersonal Communications,Bachelors,50200,92300,48
436,435,Logistics Management,Bachelors,66000,92300,38
437,435,Retail & Consumer Science,Bachelors,58800,92300,27
438,435,Web Design & Development,Bachelors,60100,92300,44
439,440,Accounting & Business,Bachelors,58700,92200,49
440,440,Architectural Technology,Bachelors,55700,92200,62
441,440,Geographic Information Systems (GIS),Bachelors,56100,92200,53
442,443,Environmental Studies,Bachelors,55000,92100,59
443,443,Interactive Media,Bachelors,61300,92100,39
444,445,Retail Merchandising,Bachelors,59000,91900,36
445,446,Diagnostic Medical Sonography,Bachelors,71700,91800,86
446,447,Agricultural Business,Bachelors,61400,91600,58
447,447,Network Administration,Bachelors,54400,91600,54
448,449,Environmental Biology,Bachelors,50500,91300,69
449,449,Dental Hygiene,Bachelors,81200,91300,81
450,451,Journalism & Electronic Media,Bachelors,51400,91200,46
451,451,Web & Digital Media Development,Bachelors,60400,91200,35
452,451,Workforce Education & Development,Bachelors,67100,91200,73
453,454,Diagnostic Medical Ultrasound,Bachelors,73800,91100,71
454,454,Health Policy & Administration,Bachelors,57300,91100,63
455,456,Quality Management,Bachelors,66000,90800,62
456,457,Bachelor of Science in Nursing,Bachelors,72000,90700,85
457,457,Speech Communication,Bachelors,53300,90700,56
458,459,Retailing,Bachelors,56700,90500,33
459,459,Visual Effects & Motion Graphics,Bachelors,54100,90500,38
460,461,Foreign Languages,Bachelors,55600,90300,54
461,462,Landscape Architecture,Bachelors,58700,90200,65
462,463,Global Studies,Bachelors,58100,90100,47
463,464,American Sign Language Interpreting,Bachelors,49400,89900,87
464,464,Spanish Language Teacher Education,Bachelors,55100,89900,0
465,466,Technical & Scientific Communication,Bachelors,57000,89800,35
466,467,Broadcast & Cinematic Arts,Bachelors,48000,89700,41
467,468,Computer Animation,Bachelors,52800,89600,41
468,468,Geography,Bachelors,56200,89600,52
469,470,Environmental Resource Management,Bachelors,54100,89500,64
470,470,Fashion,Bachelors,54900,89500,39
471,470,Film Studies,Bachelors,51000,89500,41
472,470,Forestry,Bachelors,52800,89500,68
473,474,Business Leadership,Bachelors,56800,89300,43
474,474,Nursing Education,Bachelors,76300,89300,0
475,476,English Language,Bachelors,50900,89100,47
476,477,Ancient History,Bachelors,51700,89000,0
477,477,Botany,Bachelors,48700,89000,71
478,477,Geosciences,Bachelors,55100,89000,62
479,480,Computer Aided Design (CAD),Bachelors,54700,88900,0
480,480,Digital Arts,Bachelors,50800,88900,36
481,482,Leadership,Bachelors,53700,88700,55
482,483,Automotive Technology & Service Management,Bachelors,59300,88600,29
483,483,Business Management & Administration,Bachelors,58500,88600,53
484,483,Business Management & Human Resources Management (HRM),Bachelors,54600,88600,0
485,483,Human Resources Management (HRM),Bachelors,54300,88600,55
486,483,Radio/Television & Film Production,Bachelors,51200,88600,40
487,488,Allied Health,Bachelors,49900,88500,77
488,488,English Language & Literature,Bachelors,52200,88500,44
489,490,Marine Biology,Bachelors,48500,88400,64
490,490,Security Management,Bachelors,53900,88400,0
491,492,Organizational Leadership,Bachelors,56600,88300,57
492,492,Public Administration,Bachelors,53000,88300,57
493,494,Forestry Management,Bachelors,54600,88200,67
494,494,Management (MGT),Bachelors,52300,88200,0
495,496,Merchandising Management,Bachelors,53500,88100,48
496,497,Administrative Management,Bachelors,59100,88000,47
497,497,Spanish Language,Bachelors,54300,88000,49
498,497,Sports Management,Bachelors,51200,88000,43
499,500,Arts Management,Bachelors,45200,87900,48
500,500,Homeland Security,Bachelors,55300,87900,71
501,500,Electronic Media,Bachelors,50700,87900,37
502,503,3D Animation,Bachelors,56900,87800,42
503,503,Film Production,Bachelors,50500,87800,37
504,505,Marine Science,Bachelors,51800,87600,61
505,506,Information & Communication Technology,Bachelors,53700,87500,54
506,506,Mass Communication,Bachelors,50700,87500,45
507,506,Museum Studies,Bachelors,42800,87500,37
508,506,Technical Writing,Bachelors,63300,87500,37
509,510,Religious Studies,Bachelors,50700,87400,52
510,510,Travel Industry Management,Bachelors,58700,87400,0
511,512,Art History,Bachelors,53400,87200,44
512,512,Fashion Merchandising,Bachelors,53300,87200,30
513,512,Nuclear Medicine Technology,Bachelors,68800,87200,81
514,515,Marketing & Advertising,Bachelors,55400,87100,45
515,516,Musicology,Bachelors,48100,87000,0
516,517,Broadcast Journalism,Bachelors,49800,86800,52
517,518,Animation,Bachelors,50900,86700,35
518,519,Historic Preservation,Bachelors,48300,86600,0
519,519,Music Performance,Bachelors,51700,86600,56
520,519,Organizational Leadership & Supervision,Bachelors,54600,86600,53
521,522,Multimedia,Bachelors,50400,86500,45
522,523,Business Technology,Bachelors,59200,86400,51
523,523,Radiologic Science,Bachelors,64000,86400,80
524,523,Human Nutrition,Bachelors,55100,86400,82
525,523,Acting,Bachelors,50400,86400,48
526,527,Liberal Arts,Bachelors,51400,86300,52
527,528,Apparel Merchandising,Bachelors,53900,86200,34
528,528,German Language & Literature,Bachelors,56400,86200,44
529,528,Organizational Management,Bachelors,55500,86200,60
530,531,Zoology,Bachelors,46800,86100,66
531,532,Creative Writing,Bachelors,51200,85900,41
532,533,Geomatics,Bachelors,57800,85800,67
533,534,Law Enforcement,Bachelors,52800,85700,62
534,535,Administration,Bachelors,49200,85600,59
535,535,Cytotechnology,Bachelors,66800,85600,86
536,535,Fashion Marketing & Management,Bachelors,54400,85600,27
537,538,Applied Management,Bachelors,49800,85400,61
538,538,Management & Leadership,Bachelors,59500,85400,56
539,540,Human Resources (HR),Bachelors,53800,85300,55
540,541,Animal Science & Management,Bachelors,51500,85200,61
541,542,Adult Education & Training,Bachelors,55200,85100,78
542,543,Agricultural Communication,Bachelors,51300,84900,49
543,543,Health & Fitness,Bachelors,44100,84900,71
544,545,Criminal Justice Administration,Bachelors,51900,84800,61
545,545,Emergency Management,Bachelors,58100,84800,77
546,545,Media Arts,Bachelors,51300,84800,33
547,545,Sociology & Anthropology,Bachelors,51200,84800,53
548,545,Radiology,Bachelors,62300,84800,81
549,550,Communication Design,Bachelors,58500,84700,34
550,550,Earth Science,Bachelors,56800,84700,52
551,550,Modern Languages,Bachelors,57700,84700,55
552,550,Training and Development,Bachelors,59600,84700,0
553,554,Hospital Administration,Bachelors,59800,84400,53
554,554,Human Relations,Bachelors,51100,84400,63
555,556,Natural Resources,Bachelors,54200,84300,58
556,557,Ethnic Studies,Bachelors,54500,84200,62
557,557,Hotel & Restaurant Management,Bachelors,54200,84200,49
558,559,Broadcast Communication,Bachelors,45900,83800,45
559,559,Mass Media,Bachelors,45800,83800,45
560,561,Advertising & Graphic Design,Bachelors,53000,83700,39
561,561,Radiologic Technology,Bachelors,62000,83700,81
562,563,Merchandising,Bachelors,59300,83600,32
563,563,Romance Languages,Bachelors,57400,83600,55
564,565,Environmental Health Science,Bachelors,61500,83500,0
565,566,Criminology,Bachelors,50700,83400,54
566,566,Psychology,Bachelors,51000,83400,56
567,568,Cardiopulmonary Science,Bachelors,56500,83200,92
568,568,Labor Studies,Bachelors,53700,83200,51
569,570,Medical Laboratory Technology,Bachelors,64300,83000,83
570,570,Visual Communications,Bachelors,51200,83000,34
571,572,Audio Engineering,Bachelors,53800,82800,40
572,573,Middle Eastern Studies,Bachelors,65300,82700,47
573,573,Health,Bachelors,49600,82700,70
574,575,Hospitality Management,Bachelors,53100,82600,43
575,575,Health Care Management,Bachelors,51700,82600,75
576,575,Painting & Printmaking,Bachelors,39300,82600,46
577,578,Multimedia & Web Design,Bachelors,55700,82500,31
578,579,Health Administration,Bachelors,48700,82400,66
579,579,Natural Resource Management,Bachelors,52800,82400,54
580,579,Psychology & Social Behavior,Bachelors,51100,82400,58
581,582,Communication Management,Bachelors,51700,82300,45
582,582,Health Sciences,Bachelors,50700,82300,70
583,582,Nutrition Science,Bachelors,57100,82300,67
584,582,Web Design,Bachelors,53900,82300,29
585,586,Health Management,Bachelors,50400,82200,70
586,586,Life Sciences,Bachelors,59700,82200,60
587,588,Anthropology,Bachelors,53200,82100,47
588,588,Music,Bachelors,51000,82100,55
589,590,Ecology,Bachelors,53200,82000,59
590,590,Human Resources Development,Bachelors,55200,82000,51
591,590,SocialStudies,Bachelors,52700,82000,56
592,593,New Media,Bachelors,51600,81900,37
593,593,Psychiatry,Bachelors,64300,81900,50
594,595,Sociology,Bachelors,52800,81800,55
595,596,Health Care Administration,Bachelors,52100,81600,68
596,597,Interior Design,Bachelors,51300,81500,51
597,597,Respiratory Care,Bachelors,61800,81500,85
598,599,Health Information Management,Bachelors,55000,81300,68
599,599,Art & Design,Bachelors,51100,81300,39
600,601,Child Psychology,Bachelors,48400,81100,62
601,602,Clinical Laboratory Science,Bachelors,61700,81000,82
602,602,Diagnostic Medical Imaging,Bachelors,68300,81000,73
603,602,Humanities,Bachelors,55900,81000,54
604,602,Medical Laboratory Science,Bachelors,62700,81000,86
605,602,Theater,Bachelors,51200,81000,49
606,607,Kinesiology,Bachelors,51100,80900,66
607,608,Exercise Physiology,Bachelors,49100,80800,75
608,608,Forensic Accounting,Bachelors,51900,80800,44
609,608,Secondary Education,Bachelors,50700,80800,58
610,611,Multidisciplinary Studies,Bachelors,49600,80700,52
611,612,Archaeology,Bachelors,51100,80500,45
612,612,Communication Arts,Bachelors,47800,80500,40
613,614,Arts & Science,Bachelors,51700,80400,0
614,614,Illustration,Bachelors,51300,80400,38
615,614,Sustainability,Bachelors,54900,80400,58
616,617,Hotel & Restaurant Tourism,Bachelors,48900,80300,0
617,617,Radiography,Bachelors,62400,80300,83
618,619,Media Communication,Bachelors,53000,80200,44
619,619,Respiratory Therapy,Bachelors,61800,80200,83
620,621,Applied Behavior Analysis,Bachelors,43400,80000,88
621,622,Technology Teacher Education,Bachelors,54000,79800,0
622,623,Professional Studies,Bachelors,47500,79300,67
623,624,Communications Technology,Bachelors,52500,79200,32
624,625,Biological Anthropology,Bachelors,52200,79000,46
625,625,Art Therapy,Bachelors,46100,79000,84
626,625,Commercial Photography,Bachelors,48900,79000,28
627,628,Liberal Studies,Bachelors,51000,78900,56
628,628,Radio & Television,Bachelors,49000,78900,40
629,630,Nutrition,Bachelors,52800,78600,65
630,631,Plant Sciences,Bachelors,55500,78400,57
631,632,Graphic Design,Bachelors,51300,78300,38
632,633,Legal Studies,Bachelors,53300,78200,52
633,633,Nutrition & Dietetics,Bachelors,57200,78200,71
634,635,Turfgrass Management,Bachelors,53300,78100,38
635,636,Dietetics,Bachelors,57500,78000,74
636,636,Interdisciplinary Studies (IS),Bachelors,50700,78000,57
637,638,Fashion Design & Marketing,Bachelors,55900,77900,50
638,639,Applied Sociology,Bachelors,47500,77800,57
639,639,Hospital Management,Bachelors,62300,77800,0
640,639,Religion,Bachelors,50500,77800,56
641,642,Medical Technology,Bachelors,61000,77700,82
642,643,Art Administration,Bachelors,45600,77600,53
643,643,Criminal Justice,Bachelors,48600,77600,56
644,643,Fine Arts,Bachelors,49000,77600,45
645,646,Criminal Law,Bachelors,62800,77400,0
646,646,Forensic Science,Bachelors,51300,77400,63
647,648,Philosophy & Religious Studies,Bachelors,55600,77300,61
648,648,Public Health (PH),Bachelors,52300,77300,70
649,650,Speech-Language Pathology,Bachelors,49600,77100,68
650,651,Landscape Management,Bachelors,58700,77000,0
651,651,Women's Studies,Bachelors,51200,77000,60
652,653,Forensic Psychology,Bachelors,48300,76900,57
653,653,Modern Language Spanish,Bachelors,51100,76900,63
654,655,Educational Studies (ED),Bachelors,45300,76800,66
655,655,Physical Geography,Bachelors,55000,76800,58
656,657,Culture Studies,Bachelors,50700,76700,53
657,657,Pastoral Studies,Bachelors,58900,76700,0
658,659,Dramatic Art,Bachelors,47100,76600,0
659,660,Music Industry,Bachelors,52200,76400,38
660,661,Performing Arts,Bachelors,51300,76300,56
661,662,African American & African Studies,Bachelors,54300,76100,61
662,663,Animal Science,Bachelors,46800,76000,66
663,663,Ornamental Horticulture,Bachelors,51600,76000,67
664,665,Hospitality & Tourism,Bachelors,51400,75900,40
665,666,Education,Bachelors,50600,75800,65
666,667,Foods & Nutrition,Bachelors,52800,75300,68
667,668,Fashion & Retail Management,Bachelors,55800,75000,30
668,669,Music Composition,Bachelors,49400,74900,52
669,669,Small Business Management,Bachelors,52900,74900,36
670,671,Clinical Nutrition,Bachelors,58700,74800,0
671,672,Painting,Bachelors,47400,74700,44
672,673,Speech Pathology & Audiology,Bachelors,51400,74600,75
673,674,Psychology & Sociology,Bachelors,48600,74400,53
674,674,Physical Education Teaching,Bachelors,48000,74400,68
675,676,Clinical Psychology,Bachelors,47500,74300,65
676,677,Health Studies,Bachelors,49500,74200,64
677,677,Instrumental Music Teacher Education,Bachelors,48000,74200,69
678,679,Technical Theatre,Bachelors,46400,74100,41
679,680,Art,Bachelors,49500,73900,46
680,680,Social & Criminal Justice,Bachelors,49900,73900,55
681,682,Consumer Affairs,Bachelors,57200,73800,44
682,682,Family & Consumer Science,Bachelors,49400,73800,61
683,684,Network Technology,Bachelors,63500,73700,60
684,685,Photography,Bachelors,49600,73600,39
685,685,Video Production,Bachelors,48600,73600,36
686,687,International Trade,Bachelors,54100,73400,44
687,688,Horticulture & Agronomy,Bachelors,58900,73200,0
688,688,Missions,Bachelors,45400,73200,0
689,690,General Studies,Bachelors,49600,73100,53
690,690,Health Services Administration,Bachelors,49000,73100,64
691,692,Justice Studies,Bachelors,51500,73000,49
692,693,Culinary Arts,Bachelors,44600,72800,55
693,693,Physical Therapist Assistant Studies,Bachelors,55100,72800,0
694,695,English Teacher Education,Bachelors,48800,72600,56
695,695,Exercise & Sports Science,Bachelors,48000,72600,71
696,695,Health & Exercise Science,Bachelors,46900,72600,66
697,695,Recreation & Leisure Studies,Bachelors,47100,72600,59
698,695,Sports Administration,Bachelors,49700,72600,47
699,700,Graphic Arts,Bachelors,48000,72400,44
700,701,Supervision & Management,Bachelors,48000,72100,60
701,701,Secondary English Teacher Education,Bachelors,49800,72100,62
702,703,Exercise Science,Bachelors,47300,72000,72
703,703,Interior Design & Merchandising,Bachelors,50200,72000,41
704,705,Health & Wellness,Bachelors,45500,71900,69
705,706,Restaurant & Food Service Management,Bachelors,50100,71800,40
706,707,Behavioral Science,Bachelors,49800,71700,60
707,707,Culinary Arts & Food Service Management,Bachelors,48300,71700,48
708,707,Event Management,Bachelors,48200,71700,42
709,707,Theology,Bachelors,49600,71700,68
710,711,Wildlife Management,Bachelors,44500,71600,46
711,712,Health & Physical Education Teaching,Bachelors,44000,71500,62
712,712,Ministry,Bachelors,41500,71500,80
713,712,Mortuary Science,Bachelors,48800,71500,78
714,715,Media Production,Bachelors,49000,71200,35
715,716,Communicative Disorders,Bachelors,53300,71000,71
716,716,Health Services Management,Bachelors,47400,71000,87
717,718,Paralegal Studies,Bachelors,45200,70800,49
718,718,Social Science Teacher Education,Bachelors,51000,70800,0
719,720,Recreation Administration,Bachelors,54200,70600,66
720,720,Rehabilitation Counseling,Bachelors,44100,70600,0
721,722,Audio Production,Bachelors,49800,70500,45
722,722,Radio Broadcasting,Bachelors,51000,70500,39
723,724,Community Health,Bachelors,52500,70300,73
724,725,Drawing,Bachelors,43400,70100,37
725,726,Dance,Bachelors,50600,69900,59
726,727,Music Teacher Education,Bachelors,47700,69800,58
727,728,Gender Studies,Bachelors,51200,69700,55
728,728,Photojournalism,Bachelors,46800,69700,55
729,730,Family & Community Services,Bachelors,48400,69600,77
730,731,Conservation Biology,Bachelors,48100,69500,53
731,731,Drawing & Painting,Bachelors,48900,69500,45
732,733,Organizational Administration,Bachelors,51100,69400,0
733,733,Vocal Performance,Bachelors,48400,69400,62
734,735,Clinical Social Work (CSW),Bachelors,48600,69200,0
735,735,Tourism & Travel,Bachelors,45200,69200,38
736,735,Tourism Management,Bachelors,48900,69200,38
737,738,Wildlife Biology,Bachelors,48200,68900,58
738,739,Teaching English as a Second Language (ESL),Bachelors,48800,68800,67
739,740,Parks & Recreation Management,Bachelors,49000,68700,59
740,741,Social Services,Bachelors,44800,68500,78
741,742,Elementary Special Education,Bachelors,51200,68300,81
742,743,Ceramics,Bachelors,49500,68000,45
743,743,Horticulture,Bachelors,48400,68000,56
744,743,Landscape Design,Bachelors,57100,68000,62
745,746,Rehabilitation Services,Bachelors,41300,67600,74
746,746,Speech & Hearing,Bachelors,51400,67600,72
747,748,Sculpture,Bachelors,44700,67200,48
748,749,Health Promotion,Bachelors,47700,67000,71
749,750,Athletic Training,Bachelors,47700,66900,75
750,751,Family Studies,Bachelors,45000,66800,60
751,752,History Teacher Education,Bachelors,51800,66700,47
752,752,Social Studies Teacher Education,Bachelors,49200,66700,59
753,754,Biblical Studies & Practical Ministries,Bachelors,45400,66600,0
754,755,Communication Sciences & Disorders,Bachelors,49900,66500,75
755,756,Emergency Medical Services (EMS),Bachelors,47300,66300,0
756,757,Deaf Studies,Bachelors,43700,66100,0
757,758,Community Health Education,Bachelors,48600,65800,70
758,759,Musical Theatre,Bachelors,50000,65500,46
759,760,Pastoral Ministry,Bachelors,43500,65200,76
760,761,Bible Studies & Theology,Bachelors,44800,65100,68
761,762,Biblical Studies,Bachelors,47000,65000,71
762,763,Christian Ministry,Bachelors,43000,64500,75
763,764,Human Development & Family Studies,Bachelors,45400,64400,63
764,765,Church Ministries,Bachelors,43600,64300,79
765,766,Community Development,Bachelors,50300,63600,69
766,767,Music Therapy,Bachelors,48500,63500,95
767,768,Voice & Opera,Bachelors,38700,63200,53
768,769,Legal Assistant Studies,Bachelors,42000,63000,39
769,770,Health and Human Services,Bachelors,48800,62900,64
770,771,Home Economics,Bachelors,47700,62800,69
771,772,Special Education,Bachelors,46400,62700,75
772,773,Conflict Resolution,Bachelors,52000,62100,50
773,774,Educational Psychology,Bachelors,45900,61800,0
774,774,Developmental Psychology,Bachelors,42900,61800,0
775,776,Youth Ministry,Bachelors,42800,61700,74
776,777,Therapeutic Recreation,Bachelors,44900,61500,83
777,778,Community & Human Services,Bachelors,48100,61300,79
778,778,Social Work (SW),Bachelors,43300,61300,76
779,780,Elementary Education,Bachelors,45800,60700,68
780,781,Office Administration,Bachelors,43400,60500,67
781,782,Christian Education,Bachelors,45300,60300,84
782,783,Counseling,Bachelors,45100,59600,79
783,783,Human Services (HS),Bachelors,44400,59600,70
784,785,Health & Human Performance,Bachelors,43000,58900,67
785,786,Mental Health Counseling,Bachelors,40600,58500,0
786,786,Middle School Education,Bachelors,47200,58500,76
787,788,Child Development,Bachelors,42200,57900,73
788,789,Recreational Therapy,Bachelors,44900,57200,84
789,790,Early Childhood & Elementary Education,Bachelors,43400,56500,76
790,791,Outdoor Education,Bachelors,42200,55200,51
791,792,Baking & Pastry Arts,Bachelors,42400,54900,38
792,793,Mental Health,Bachelors,42700,52900,76
793,794,Child & Family Studies,Bachelors,41600,52700,73
794,795,Equine Studies,Bachelors,40300,52500,50
795,796,Addictions Counseling,Bachelors,45900,52200,78
796,797,Nonprofit Administration,Bachelors,42800,52100,72
797,798,Early Childhood Education,Bachelors,41700,50600,77
798,799,Metalsmithing,Bachelors,44700,44900,36
